date,total,tags
2026-03-29,25,1 android 1 art 1 browsers 2 databases 4 devops 1 distributed 1 education 1 games 1 historical 1 javascript 3 linux 1 mobile 1 openbsd 1 osdev 3 performance 1 plt 2 practices 1 privacy 1 release 2 retrocomputing 3 rust 1 security 1 show 1 vcs 9 vibecoding 1 video 1 web
2026-03-29,25,1 android 1 art 1 browsers 2 databases 4 devops 1 distributed 1 education 1 games 1 historical 1 javascript 3 linux 1 mobile 1 openbsd 1 osdev 3 performance 1 plt 2 practices 1 privacy 1 release 2 retrocomputing 3 rust 1 security 1 show 1 vcs 9 vibecoding 1 video 1 web
2026-03-30,25,1 ai 1 android 1 art 1 browsers 1 c++ 1 clojure 4 databases 1 devops 1 editors 4 hardware 3 historical 1 javascript 1 job 1 ml 1 nix 1 performance 1 plt 1 practices 1 privacy 1 release 2 reversing 1 rust 1 security 4 vibecoding 1 video 1 vim 1 web 1 windows
2026-03-30,25,1 ai 1 android 1 browsers 1 c++ 1 clojure 3 databases 1 editors 5 hardware 3 historical 2 javascript 1 job 1 ml 1 nix 1 performance 1 plt 1 practices 1 privacy 1 release 2 reversing 1 rust 1 security 3 vibecoding 1 video 1 vim 3 web 1 windows
2026-03-30,25,1 ai 1 android 1 ask 1 browsers 1 c 1 c++ 1 clojure 1 cryptography 2 databases 1 editors 4 hardware 1 haskell 2 historical 1 job 1 linux 1 math 1 ml 1 nix 1 plt 1 privacy 1 programming 1 release 2 reversing 2 rust 2 security 1 systemd 1 unix 1 vcs 3 vibecoding 2 video 1 vim 1 web 1 windows
2026-03-30,25,1 ask 1 browsers 2 c++ 1 clojure 1 databases 1 design 1 editors 1 go 2 hardware 1 haskell 1 historical 1 job 2 linux 1 math 1 networking 1 performance 1 person 3 practices 1 privacy 2 programming 1 python 2 release 2 reversing 3 rust 1 security 1 show 1 systemd 1 testing 1 vcs 3 vibecoding 1 video 1 vim 1 web 1 windows
2026-03-31,25,1 ask 1 browsers 1 c++ 1 clojure 1 databases 1 design 1 editors 1 go 1 graphics 1 hardware 2 haskell 1 historical 1 linux 1 math 1 networking 1 openbsd 1 performance 1 person 1 plt 2 practices 1 privacy 1 programming 1 python 2 release 2 reversing 3 rust 2 security 1 show 1 testing 4 vibecoding 1 video 1 vim 1 web 1 windows
2026-03-31,25,1 ask 1 browsers 1 c 1 clojure 2 databases 1 design 1 editors 1 hardware 1 haskell 1 historical 1 javascript 2 linux 1 mac 1 math 1 networking 1 openbsd 1 osdev 1 plt 2 practices 1 privacy 1 programming 1 python 1 release 1 reversing 3 rust 4 security 1 show 1 testing 1 vcs 4 vibecoding 1 video 1 web
2026-03-31,25,1 ask 1 browsers 1 c 1 culture 2 databases 1 design 1 editors 1 go 1 hardware 1 historical 1 javascript 1 law 2 linux 1 mac 1 networking 1 openbsd 1 osdev 1 plt 3 practices 1 privacy 1 programming 2 release 1 reversing 3 rust 5 security 1 show 1 testing 1 vcs 4 vibecoding 1 web
2026-03-31,25,1 ai 1 ask 1 browsers 1 c 2 culture 1 databases 1 editors 1 event 1 go 2 javascript 2 linux 1 mac 1 osdev 1 plt 3 practices 1 programming 2 release 2 ruby 4 rust 3 security 2 show 1 testing 2 vcs 5 vibecoding 2 web
2026-04-01,25,1 a11y 1 android 1 ask 1 browsers 1 compilers 1 culture 1 editors 1 event 1 go 1 javascript 1 linux 1 lisp 1 mac 1 mobile 1 openbsd 1 plt 2 practices 1 programming 3 release 1 reversing 1 ruby 3 rust 2 security 2 vcs 6 vibecoding 1 video 1 wasm 1 web
2026-04-01,25,1 a11y 1 android 1 ask 1 browsers 1 compilers 1 debugging 1 editors 1 event 1 go 1 historical 1 javascript 1 linux 1 lisp 1 mobile 1 openbsd 1 plt 2 practices 1 programming 3 release 1 reversing 1 ruby 4 rust 2 security 1 swift 3 vcs 5 vibecoding 1 video 1 wasm 1 web
2026-04-01,25,1 a11y 1 android 1 ask 2 c++ 1 css 1 databases 1 debugging 1 design 1 editors 1 event 1 formalmethods 1 javascript 1 mobile 1 openbsd 3 plt 1 practices 1 programming 2 release 1 reversing 2 ruby 1 rust 2 security 1 swift 1 vcs 5 vibecoding 1 video 1 web
2026-04-01,25,1 a11y 1 android 1 browsers 1 c 1 c++ 1 compsci 1 css 1 databases 1 debugging 1 design 1 editors 1 formalmethods 1 games 1 go 1 linux 1 mobile 1 networking 1 openbsd 1 performance 3 plt 1 practices 1 privacy 2 release 1 reversing 2 ruby 1 rust 1 swift 1 unix 1 vcs 4 vibecoding 1 video 2 web
2026-04-02,25,1 browsers 1 c 1 compilers 1 compsci 1 css 2 databases 2 debugging 1 design 1 editors 1 formalmethods 1 games 1 go 1 haskell 2 linux 1 networking 1 openbsd 1 performance 2 plt 2 practices 2 privacy 1 python 2 release 1 ruby 1 rust 1 unix 1 vcs 4 vibecoding 3 web
2026-04-02,25,1 browsers 1 c 1 compilers 1 compsci 1 cryptography 1 css 2 databases 2 debugging 1 design 1 editors 1 email 1 games 1 go 1 haskell 2 linux 1 networking 1 performance 1 plt 1 practices 2 privacy 1 python 2 release 2 ruby 1 rust 1 unix 1 vcs 5 vibecoding 4 web
2026-04-02,25,1 browsers 1 c 1 compilers 1 compsci 1 cryptography 1 css 2 databases 2 debugging 1 devops 1 email 2 games 1 go 2 haskell 1 java 1 javascript 2 linux 1 networking 2 nix 1 performance 1 plt 2 privacy 2 programming 1 python 1 release 1 retrocomputing 1 reversing 2 rust 1 security 1 unix 3 vibecoding 3 web
2026-04-02,25,1 ai 1 browsers 1 compilers 1 cryptography 1 databases 2 debugging 1 devops 1 email 1 formalmethods 2 games 1 go 2 haskell 1 java 1 javascript 1 law 1 linux 1 math 2 nix 1 openbsd 3 plt 1 privacy 2 programming 2 python 2 release 1 retrocomputing 1 reversing 2 rust 3 security 1 vcs 4 vibecoding 2 web
2026-04-03,25,1 ai 1 compilers 1 databases 1 devops 1 email 1 formalmethods 2 games 1 go 1 haskell 1 javascript 1 law 1 linux 1 math 1 ml 2 nix 1 openbsd 2 plt 1 privacy 2 programming 2 python 2 release 1 retrocomputing 1 reversing 2 rust 1 science 1 security 1 show 2 unix 1 vcs 8 vibecoding 2 web
2026-04-03,25,1 ai 1 databases 1 devops 1 email 1 formalmethods 1 games 1 haskell 1 javascript 1 law 1 linux 1 math 1 ml 2 nix 1 openbsd 2 plt 1 privacy 2 programming 1 python 2 release 1 retrocomputing 1 reversing 2 rust 1 science 2 security 1 show 2 unix 1 vcs 7 vibecoding 2 web
2026-04-03,25,1 ai 1 ask 1 databases 1 design 1 devops 1 email 1 games 1 haskell 1 law 2 linux 1 lisp 1 math 1 ml 2 nix 1 openbsd 1 performance 2 plt 1 privacy 2 programming 1 python 1 release 1 retrocomputing 1 reversing 1 rust 2 security 2 show 1 unix 1 vcs 4 vibecoding 1 virtualization 2 web
2026-04-03,25,2 ai 1 ask 1 compsci 1 concatenative 1 design 1 devops 1 go 1 javascript 2 linux 1 lisp 1 mac 1 math 1 ml 1 networking 2 nix 1 performance 4 plt 2 programming 1 python 1 release 1 retrocomputing 2 rust 2 security 2 show 1 unix 1 vcs 5 vibecoding 2 web
2026-04-04,25,2 ai 1 ask 1 compsci 1 concatenative 1 design 1 elixir 1 formalmethods 1 go 2 javascript 2 linux 1 lisp 1 mac 1 math 1 networking 1 nix 1 pdf 1 performance 5 plt 2 programming 1 python 1 release 1 retrocomputing 1 ruby 2 rust 3 security 2 show 1 vcs 5 vibecoding 1 web
2026-04-04,25,2 ai 1 ask 1 compsci 1 concatenative 1 design 1 elixir 1 formalmethods 1 go 2 javascript 2 linux 1 lisp 1 mac 1 math 1 networking 1 nix 1 pdf 1 performance 5 plt 2 programming 1 python 1 release 1 retrocomputing 1 ruby 2 rust 3 security 2 show 1 vcs 5 vibecoding 1 web
2026-04-04,25,1 ai 1 ask 1 compsci 1 concatenative 1 culture 1 design 1 elixir 1 formalmethods 1 go 2 javascript 1 linux 1 lisp 1 mac 1 networking 1 nix 1 pdf 1 performance 4 plt 2 programming 1 retrocomputing 1 ruby 2 rust 3 security 1 show 6 vibecoding 1 web
2026-04-04,25,1 ai 2 ask 1 compsci 1 concatenative 2 culture 1 databases 1 design 1 editors 1 elixir 1 formalmethods 1 go 2 javascript 1 linux 1 lisp 1 networking 1 nix 1 pdf 1 performance 4 plt 1 practices 1 programming 1 retrocomputing 1 ruby 2 rust 2 security 1 show 5 vibecoding 1 vim 1 web
2026-04-05,25,1 ai 1 ask 1 c++ 1 compilers 1 compsci 1 concatenative 2 culture 1 databases 1 design 1 editors 1 elixir 1 games 1 go 2 hardware 1 javascript 2 linux 1 lisp 1 networking 1 nix 1 pdf 1 performance 3 plt 2 programming 2 retrocomputing 1 ruby 1 rust 3 security 6 vibecoding 1 video 1 vim
2026-04-05,25,1 ai 1 ask 1 c++ 1 compilers 1 compsci 1 concatenative 2 culture 1 databases 1 design 1 editors 1 games 1 go 2 hardware 1 linux 1 lisp 1 networking 1 nix 1 pdf 3 plt 2 practices 2 programming 2 retrocomputing 1 rust 3 security 7 vibecoding 1 video 1 vim
2026-04-05,25,1 ai 1 ask 1 c++ 1 compilers 1 compsci 1 concatenative 1 culture 1 databases 1 design 2 editors 1 games 2 go 2 hardware 1 linux 1 lisp 1 pdf 4 plt 2 programming 1 retrocomputing 3 rust 3 security 7 vibecoding 1 video 1 vim
2026-04-05,25,2 ai 1 ask 1 c 1 compilers 1 concatenative 1 culture 2 editors 1 email 1 games 2 go 1 graphics 2 hardware 3 linux 1 lisp 1 networking 1 nix 3 plt 1 practices 2 programming 1 retrocomputing 2 rust 2 security 7 vibecoding 1 video 2 vim
2026-04-06,25,2 ai 1 ask 1 c 1 compilers 1 compsci 1 culture 2 editors 1 email 2 go 1 graphics 2 hardware 3 linux 1 lisp 1 logiclangs 2 networking 2 nix 1 plt 2 practices 1 programming 2 rust 1 security 6 vibecoding 2 vim 1 web
2026-04-06,25,1 ask 1 c 1 compsci 1 css 2 editors 1 email 1 event 1 games 1 go 1 graphics 2 hardware 3 linux 1 logiclangs 3 networking 2 nix 1 plt 3 practices 2 programming 1 rant 1 retrocomputing 2 rust 1 security 1 show 6 vibecoding 2 vim 2 web
2026-04-06,25,1 ai 1 c 1 compsci 1 css 1 editors 1 elixir 1 email 1 event 1 games 1 go 1 hardware 1 linux 1 logiclangs 3 networking 2 nix 1 osdev 1 performance 1 plt 1 practices 1 privacy 2 programming 1 python 1 retrocomputing 3 rust 1 science 1 security 1 show 1 testing 5 vibecoding 2 vim 3 web
2026-04-06,25,2 ask 1 browsers 1 compsci 3 cryptography 2 css 1 email 1 event 1 games 1 go 1 linux 2 mac 2 networking 1 nix 2 osdev 1 plt 1 practices 1 privacy 2 programming 2 rust 1 science 2 security 1 show 2 testing 1 vcs 6 vibecoding 1 vim 3 web 1 windows
2026-04-07,25,2 ask 1 browsers 1 compilers 1 compsci 1 concatenative 2 cryptography 2 css 1 event 1 games 1 go 2 linux 3 mac 2 networking 1 nix 2 osdev 1 pdf 1 plt 1 practices 1 privacy 2 programming 1 rust 1 science 2 security 1 show 1 testing 1 vcs 5 vibecoding 3 web 1 windows
2026-04-07,25,1 ai 2 ask 1 browsers 1 clojure 1 compilers 2 compsci 1 concatenative 2 cryptography 2 css 1 distributed 1 go 2 linux 1 lisp 3 mac 2 networking 1 nix 1 osdev 1 pdf 1 plt 1 practices 1 privacy 1 programming 1 rust 1 science 2 security 1 testing 1 vcs 5 vibecoding 3 web 1 windows
2026-04-07,25,1 browsers 1 clojure 1 compilers 2 compsci 2 cryptography 1 css 1 databases 1 distributed 1 go 1 hardware 1 linux 1 lisp 3 mac 1 math 3 networking 1 nix 2 osdev 1 performance 1 practices 1 privacy 1 science 3 security 1 vcs 6 vibecoding 2 web 1 windows
2026-04-07,25,1 ask 2 browsers 1 clojure 1 compilers 2 compsci 2 cryptography 1 css 2 databases 2 distributed 2 hardware 1 linux 1 lisp 1 mac 1 math 2 networking 1 nix 1 osdev 1 performance 2 practices 1 privacy 1 programming 1 rant 3 security 1 vcs 4 vibecoding 1 web 1 windows
2026-04-08,25,1 art 1 ask 1 browsers 1 clojure 1 compilers 2 compsci 2 cryptography 1 css 1 databases 3 distributed 1 email 2 hardware 1 historical 1 linux 1 lisp 1 mac 1 math 2 networking 2 nix 1 osdev 1 performance 2 practices 1 programming 1 rant 1 rust 5 security 4 vibecoding 2 web 1 windows
2026-04-08,25,1 art 1 ask 1 browsers 2 compilers 2 compsci 1 cryptography 1 css 1 databases 3 distributed 2 email 3 hardware 1 historical 1 javascript 1 linux 1 mac 1 math 2 networking 2 nix 1 osdev 1 performance 1 plt 2 practices 1 programming 1 rust 4 security 2 vibecoding 2 web 1 windows 1 zig
2026-04-08,25,1 art 1 ask 1 compilers 1 compsci 2 databases 3 distributed 2 email 1 go 1 graphics 4 hardware 1 historical 3 javascript 1 linux 1 mac 1 math 2 networking 2 nix 1 nodejs 1 osdev 1 plt 2 practices 1 rust 4 security 1 show 1 unix 2 vibecoding 2 web 1 windows 1 zig
2026-04-08,25,1 ai 1 ask 1 c++ 1 compilers 2 databases 2 email 1 go 1 graphics 4 hardware 1 historical 2 javascript 1 linux 1 mac 1 networking 2 nix 1 osdev 1 performance 2 plt 1 practices 1 release 2 rust 5 security 1 unix 1 vibecoding 1 video 2 web 1 zig
2026-04-09,25,1 c++ 3 databases 1 devops 2 email 1 formalmethods 1 graphics 5 hardware 1 historical 1 javascript 2 linux 1 mac 1 nix 1 osdev 1 performance 1 plt 2 release 1 retrocomputing 2 rust 5 security 1 unix 4 vibecoding 1 video 2 web 1 zig
2026-04-09,25,1 c++ 2 databases 1 devops 1 email 1 formalmethods 1 graphics 5 hardware 1 javascript 2 linux 1 mac 1 networking 1 osdev 2 performance 1 plt 1 practices 2 release 1 retrocomputing 2 rust 4 security 1 unix 4 vibecoding 1 video 1 visualization 3 web 1 zig
2026-04-09,25,1 apl 1 ask 2 c 1 c++ 1 compilers 2 databases 1 devops 1 distributed 1 editors 1 email 2 formalmethods 1 gleam 4 hardware 1 javascript 2 linux 1 lisp 1 mac 1 osdev 1 performance 1 plt 1 practices 1 programming 2 release 1 retrocomputing 1 rust 4 security 1 testing 4 vibecoding 1 wasm 1 zig
2026-04-09,25,1 apl 1 ask 2 c 1 c++ 1 compilers 1 devops 1 distributed 1 editors 1 email 2 formalmethods 1 gleam 1 graphics 4 hardware 1 javascript 2 linux 1 lisp 1 mac 1 osdev 1 performance 1 plt 2 practices 1 programming 1 release 1 retrocomputing 1 rust 3 security 1 testing 4 vibecoding 1 wasm 2 web 1 zig
2026-04-10,25,1 apl 1 ask 1 assembly 2 c 1 compilers 1 devops 1 distributed 1 editors 2 formalmethods 1 graphics 4 hardware 1 javascript 2 linux 1 lisp 2 mac 1 nix 1 osdev 1 performance 1 plt 2 practices 1 programming 1 release 1 retrocomputing 1 rust 2 security 1 testing 1 unix 5 vibecoding 1 virtualization 1 wasm 2 web 1 zig
2026-04-10,25,1 apl 2 ask 1 assembly 2 c 1 compilers 1 devops 1 distributed 1 editors 1 formalmethods 1 gleam 1 graphics 5 hardware 2 linux 1 lisp 2 mac 1 nix 1 openbsd 1 osdev 1 plt 2 practices 2 programming 1 release 1 retrocomputing 1 rust 2 security 1 testing 1 unix 4 vibecoding 1 virtualization 1 wasm 1 web 1 zig
2026-04-10,25,1 apl 3 ask 1 assembly 2 browsers 1 c 1 compilers 1 databases 1 devops 1 editors 1 graphics 2 hardware 2 linux 1 lisp 1 openbsd 1 plt 2 practices 4 programming 1 python 1 release 1 rust 2 security 1 unix 5 vibecoding 2 web 1 zig
2026-04-10,25,1 apl 3 ask 1 assembly 2 browsers 1 compilers 1 databases 1 devops 1 distributed 1 editors 1 freebsd 1 go 1 hardware 2 linux 1 lisp 1 openbsd 1 plt 1 practices 4 programming 1 python 1 ruby 3 security 4 vibecoding 1 wasm 3 web 1 zig
2026-04-11,25,1 apl 3 ask 1 assembly 1 browsers 1 compilers 1 cryptography 1 culture 1 databases 2 devops 1 distributed 1 editors 1 freebsd 1 go 2 linux 1 lisp 1 plt 1 practices 4 programming 1 python 1 ruby 2 security 4 vibecoding 1 wasm 2 web 1 zig
2026-04-11,25,1 apl 3 ask 1 assembly 1 browsers 1 compilers 1 cryptography 1 culture 1 databases 2 devops 1 distributed 2 freebsd 1 go 2 linux 1 lisp 1 plt 4 programming 1 python 1 retrocomputing 1 ruby 1 rust 3 security 4 vibecoding 1 wasm 2 web 1 zig
2026-04-11,25,1 ai 1 apl 1 ask 1 browsers 1 cryptography 1 culture 1 databases 1 devops 1 emacs 2 freebsd 1 law 2 linux 1 osdev 1 plt 1 privacy 2 programming 1 python 1 release 1 retrocomputing 1 ruby 2 rust 1 scaling 1 science 4 security 1 vcs 4 vibecoding 2 web 1 windows
2026-04-11,25,1 ai 1 apl 1 ask 1 browsers 1 cryptography 1 databases 1 devops 1 emacs 1 freebsd 2 linux 1 networking 1 osdev 1 performance 1 plt 1 programming 1 python 1 release 1 retrocomputing 1 reversing 4 rust 1 scaling 1 science 3 security 1 testing 2 vcs 3 vibecoding 2 web 1 windows
2026-04-12,25,1 apl 1 compilers 1 cryptography 1 databases 1 devops 1 emacs 1 freebsd 2 linux 1 math 1 networking 1 osdev 1 performance 1 plt 1 practices 1 python 1 release 1 retrocomputing 3 rust 1 scaling 1 science 6 security 2 vcs 4 vibecoding 1 web 1 windows
2026-04-12,25,1 compilers 1 cryptography 2 databases 1 devops 1 dotnet 1 emacs 1 freebsd 1 games 1 graphics 2 linux 1 math 1 networking 1 osdev 1 performance 1 practices 1 release 1 retrocomputing 3 rust 1 scaling 1 science 6 security 2 vcs 3 vibecoding 2 web 1 windows
2026-04-12,25,1 cryptography 2 databases 1 devops 1 dotnet 1 emacs 1 freebsd 3 games 2 graphics 2 historical 2 linux 2 networking 1 osdev 1 practices 1 release 1 retrocomputing 4 rust 1 scaling 6 security 1 vcs 3 vibecoding 2 web 1 windows
2026-04-12,25,2 databases 2 design 1 devops 1 dotnet 1 emacs 1 freebsd 3 games 3 graphics 1 haskell 2 historical 1 ios 1 networking 1 osdev 1 performance 1 plt 2 practices 1 release 1 reversing 4 rust 1 scaling 5 security 2 vcs 2 vibecoding 1 video 1 web
2026-04-13,25,1 assembly 1 culture 2 databases 1 design 1 devops 1 dotnet 2 games 3 graphics 1 haskell 1 historical 1 javascript 1 meta 1 networking 1 osdev 2 performance 1 plt 1 practices 1 programming 1 release 1 retrocomputing 1 rust 1 scaling 4 security 1 testing 1 vcs 3 vibecoding 1 web
2026-04-13,25,1 assembly 1 c++ 1 culture 2 databases 1 design 1 devops 1 dotnet 1 haskell 1 historical 1 javascript 1 linux 1 logiclangs 1 meta 2 networking 1 pdf 1 performance 1 plt 1 practices 1 programming 1 retrocomputing 1 rust 4 security 2 testing 1 vcs 3 vibecoding 1 web
2026-04-13,25,1 ask 1 assembly 1 browsers 1 culture 1 databases 1 design 1 haskell 1 historical 1 javascript 2 linux 1 logiclangs 2 math 1 meta 1 networking 1 pdf 1 plt 2 practices 1 programming 1 release 1 retrocomputing 1 rust 3 security 1 testing 1 vcs 6 vibecoding 1 visualization 1 web
2026-04-13,25,1 ask 2 browsers 1 compilers 1 cryptography 1 culture 1 databases 1 design 1 devops 1 formalmethods 1 games 1 historical 1 ios 1 javascript 1 linux 1 logiclangs 2 math 1 meta 1 mobile 1 performance 1 plt 2 practices 2 programming 2 release 1 retrocomputing 2 rust 3 security 2 vcs 5 vibecoding 1 web
2026-04-14,25,1 ask 2 browsers 1 c++ 1 compilers 1 cryptography 1 databases 1 devops 1 formalmethods 1 games 1 historical 1 ios 1 javascript 1 linux 1 logiclangs 2 math 1 meta 1 mobile 1 netbsd 1 pdf 1 performance 1 plt 1 practices 2 programming 2 release 1 rust 3 security 3 vcs 4 vibecoding 2 web
2026-04-14,25,1 art 1 ask 2 browsers 1 c++ 1 compilers 1 cryptography 2 databases 1 devops 1 formalmethods 1 games 1 historical 1 linux 2 math 1 meta 1 netbsd 1 pdf 1 performance 3 plt 3 programming 3 release 1 rust 4 security 2 vcs 4 vibecoding 1 video 2 web
2026-04-14,25,1 art 1 ask 2 browsers 2 c++ 2 compilers 1 cryptography 1 databases 1 design 1 formalmethods 1 linux 2 math 1 networking 1 pdf 2 performance 3 plt 2 programming 2 release 2 rust 4 security 2 vcs 4 vibecoding 1 video 2 web
2026-04-14,25,1 art 1 book 1 browsers 1 c++ 1 databases 3 design 1 formalmethods 1 historical 1 linux 1 networking 1 pdf 3 plt 1 practices 2 programming 3 release 2 rust 1 satire 4 security 3 vcs 3 vibecoding 1 video 2 web 1 zig
2026-04-15,25,1 art 1 ask 2 browsers 1 compsci 1 cryptography 1 databases 1 design 1 formalmethods 1 historical 1 ios 1 pdf 2 plt 2 practices 2 programming 5 release 1 ruby 1 rust 1 satire 4 security 2 vcs 3 vibecoding 1 video 4 web 1 zig
2026-04-15,25,1 art 1 ask 1 c 1 compsci 1 cryptography 1 databases 2 design 1 formalmethods 1 haskell 2 historical 2 pdf 1 performance 2 plt 1 practices 2 programming 1 rant 3 release 1 ruby 1 rust 1 satire 4 security 1 vcs 3 vibecoding 1 video 3 web 1 zig
2026-04-15,25,1 book 1 c 1 compilers 1 compsci 1 cryptography 3 databases 1 design 2 haskell 1 historical 1 java 1 lisp 1 pdf 1 performance 1 plt 1 practices 3 programming 1 rant 4 release 1 ruby 2 rust 2 security 1 vcs 2 vibecoding 2 web 2 zig
2026-04-15,25,1 ai 1 book 2 c 1 compilers 1 compsci 2 databases 1 design 1 freebsd 1 games 1 hardware 1 linux 1 lisp 1 math 1 performance 1 plt 2 practices 4 programming 1 rant 3 release 1 retrocomputing 1 ruby 1 rust 2 security 1 swift 1 vibecoding 2 web 1 windows 2 zig
2026-04-16,25,1 ai 1 book 2 c 1 c++ 1 compilers 1 compsci 2 databases 1 formalmethods 1 freebsd 1 games 1 hardware 1 law 1 lisp 1 math 1 networking 1 performance 1 plt 2 practices 2 programming 2 rant 2 release 1 retrocomputing 1 ruby 2 security 1 swift 4 vibecoding 2 web 1 windows 2 zig
2026-04-16,25,1 ai 1 book 2 c 1 c++ 1 compilers 1 compsci 3 databases 1 formalmethods 1 freebsd 1 games 1 hardware 1 law 1 linux 1 lisp 1 math 1 networking 1 performance 2 practices 3 programming 2 rant 1 release 1 retrocomputing 2 rust 2 security 5 vibecoding 1 web 1 windows 2 zig
2026-04-16,25,1 c 2 compilers 1 culture 2 databases 1 design 1 distributed 1 freebsd 1 games 1 go 1 hardware 1 java 1 law 1 linux 2 lisp 1 math 1 ml 3 networking 1 plt 1 practices 3 programming 1 release 1 retrocomputing 3 rust 2 security 1 show 2 vibecoding 1 wasm 1 windows
2026-04-16,25,1 api 1 assembly 1 c 1 clojure 2 compilers 2 databases 1 design 1 distributed 1 games 1 go 1 java 1 javascript 1 law 1 linux 2 lisp 1 networking 1 plt 1 practices 4 programming 1 rant 2 release 1 retrocomputing 3 rust 2 security 1 show 2 vibecoding 1 video 1 wasm
2026-04-17,25,1 a11y 1 api 1 assembly 1 clojure 2 compilers 1 databases 1 design 1 distributed 1 go 1 java 1 javascript 1 law 1 linux 2 lisp 1 networking 1 plt 1 practices 4 programming 1 rant 2 release 4 rust 1 security 1 show 2 vibecoding 1 video 1 wasm 1 web
2026-04-17,25,1 a11y 1 api 1 art 2 assembly 1 clojure 2 compilers 1 databases 1 design 1 devops 1 distributed 1 go 1 java 1 javascript 1 law 1 linux 2 lisp 1 networking 1 practices 2 programming 1 rant 2 release 3 rust 1 security 1 show 1 unix 1 vcs 2 vibecoding 1 video 1 wasm 1 web
2026-04-17,25,1 art 1 ask 1 assembly 1 clojure 2 compilers 1 cryptography 1 design 1 devops 2 distributed 1 graphics 1 java 1 law 1 lisp 2 networking 4 programming 1 python 1 rant 2 release 4 rust 1 science 2 security 2 unix 1 vcs 4 vibecoding 1 video 1 wasm
2026-04-17,25,1 art 1 ask 1 clojure 1 compilers 1 cryptography 2 design 1 devops 2 distributed 1 graphics 2 networking 1 pdf 1 performance 1 plt 3 programming 1 python 1 rant 2 release 3 rust 1 scaling 1 science 4 security 3 unix 1 vcs 5 vibecoding 1 video
2026-04-18,25,1 api 1 art 1 ask 1 assembly 1 c 1 clojure 1 cryptography 1 design 1 devops 1 linux 2 networking 1 pdf 1 performance 2 plt 1 privacy 2 programming 2 release 4 rust 1 scaling 1 science 6 security 2 unix 1 vcs 3 vibecoding 2 video
2026-04-18,25,1 api 1 art 1 ask 1 assembly 2 c 1 clojure 1 cryptography 1 design 1 linux 2 networking 1 pdf 1 performance 2 plt 1 privacy 2 programming 2 release 4 rust 1 scaling 1 science 6 security 1 unix 3 vibecoding 2 video
2026-04-18,25,1 a11y 1 api 1 art 1 ask 2 c 1 c++ 1 cryptography 1 debugging 1 design 1 emacs 1 go 1 linux 1 networking 1 pdf 1 performance 2 plt 1 privacy 2 programming 2 release 1 retrocomputing 4 rust 1 scaling 1 science 4 security 1 unix 2 vibecoding 1 web
2026-04-18,25,1 ai 1 api 1 ask 2 c 1 c++ 1 cryptography 1 databases 1 debugging 1 design 1 emacs 1 go 1 hardware 1 linux 2 networking 1 pdf 1 performance 1 plt 1 privacy 2 programming 3 release 1 retrocomputing 1 ruby 3 rust 1 scaling 1 science 5 security 1 unix 1 web
2026-04-19,25,2 ai 1 api 2 c 1 c++ 1 cryptography 2 databases 1 debugging 1 emacs 1 go 2 hardware 1 historical 1 linux 2 networking 1 performance 1 plt 1 privacy 1 programming 3 release 1 retrocomputing 1 ruby 3 rust 2 science 6 security 1 vibecoding 1 web
2026-04-19,25,2 ai 2 c 1 c++ 1 compilers 2 databases 1 debugging 1 emacs 1 go 2 hardware 1 haskell 1 historical 1 linux 1 mac 2 networking 1 performance 1 plt 2 privacy 1 programming 3 release 1 retrocomputing 1 ruby 2 rust 1 science 5 security 1 vibecoding 1 web
2026-04-19,25,1 ai 2 c 1 c++ 1 compilers 2 databases 1 debugging 1 emacs 1 go 2 hardware 1 haskell 1 historical 1 linux 1 mac 2 networking 1 performance 1 plt 2 programming 3 release 1 retrocomputing 1 ruby 2 rust 1 science 5 security 1 vibecoding 1 web
2026-04-19,25,1 art 1 c 1 c++ 1 compilers 2 databases 1 debugging 1 design 2 emacs 1 event 1 go 2 hardware 1 haskell 2 historical 2 linux 1 mac 1 mobile 1 performance 2 programming 2 release 1 retrocomputing 1 ruby 1 rust 1 satire 1 science 5 security 1 unix 2 vibecoding 2 web
2026-04-20,25,1 art 1 assembly 1 c++ 1 compilers 1 databases 1 design 1 elm 1 emacs 1 event 1 graphics 1 hardware 1 haskell 2 historical 3 linux 1 mac 1 mobile 1 osdev 1 pdf 2 performance 1 privacy 2 programming 1 python 1 release 1 retrocomputing 2 rust 1 satire 2 science 4 security 1 unix 3 vibecoding 2 web 1 windows
2026-04-20,25,1 art 1 ask 1 assembly 1 compilers 1 databases 1 design 1 elm 1 emacs 1 event 1 graphics 1 hardware 1 haskell 2 historical 3 linux 1 mac 1 mobile 1 osdev 1 pdf 2 performance 1 privacy 3 programming 1 python 2 release 1 retrocomputing 1 ruby 1 rust 1 satire 1 science 3 security 1 unix 3 vibecoding 1 wasm 1 web 1 windows
2026-04-20,25,1 art 1 ask 1 browsers 1 c 1 compilers 1 culture 2 databases 1 debugging 1 design 1 elm 1 emacs 1 event 1 formalmethods 2 graphics 1 haskell 1 historical 3 linux 1 mac 1 mobile 1 networking 1 pdf 1 performance 1 practices 1 privacy 1 programming 4 release 1 retrocomputing 3 rust 1 security 1 unix 3 vibecoding 1 wasm 3 web 1 windows
2026-04-20,25,1 ai 1 art 1 ask 1 browsers 1 cryptography 1 culture 2 databases 1 debugging 1 elixir 1 erlang 1 event 1 formalmethods 1 graphics 1 historical 2 linux 1 lisp 1 mac 2 networking 1 pdf 2 performance 2 plt 1 practices 1 privacy 2 programming 1 python 4 release 1 retrocomputing 3 rust 1 satire 1 unix 3 vibecoding 1 visualization 1 wasm 3 web 1 windows
2026-04-21,25,1 ai 1 art 1 ask 1 browsers 2 cryptography 1 culture 2 databases 1 debugging 1 elixir 1 erlang 1 event 2 formalmethods 1 historical 1 lisp 1 mac 1 networking 1 performance 2 plt 1 practices 1 privacy 3 programming 1 python 4 release 1 retrocomputing 1 rust 1 satire 1 security 1 unix 2 vcs 4 vibecoding 1 visualization 3 web 1 windows
2026-04-21,25,1 ai 1 ask 1 browsers 2 cryptography 1 culture 2 databases 1 debugging 1 elixir 1 erlang 1 event 2 formalmethods 1 historical 1 lisp 1 mac 1 networking 1 performance 2 plt 1 practices 1 privacy 3 programming 1 python 4 release 1 rust 1 satire 2 security 1 testing 1 unix 2 vcs 4 vibecoding 1 visualization 3 web 1 zig
2026-04-21,25,1 ai 1 ask 1 browsers 1 compilers 2 cryptography 1 culture 1 databases 1 distributed 1 education 1 elixir 1 erlang 2 event 1 formalmethods 1 hardware 1 linux 1 lisp 1 nix 2 performance 4 plt 4 practices 1 privacy 1 programming 1 python 3 release 2 security 1 testing 3 vcs 5 vibecoding 1 video 1 visualization 2 web 1 zig
2026-04-21,25,1 ai 2 ask 1 compilers 2 cryptography 1 distributed 1 education 1 emacs 1 event 1 formalmethods 2 hardware 1 ios 1 javascript 1 linux 2 networking 1 nix 1 performance 2 plt 3 practices 1 privacy 4 release 3 security 1 testing 4 vcs 2 vibecoding 1 video 1 web 1 zig
2026-04-22,25,1 ai 2 ask 1 compilers 1 cryptography 1 distributed 1 education 1 emacs 1 event 3 hardware 1 ios 2 javascript 2 linux 2 networking 1 nix 1 performance 2 plt 3 practices 1 python 5 release 1 security 1 testing 4 vcs 3 vibecoding 1 video 1 zig
2026-04-22,25,2 ai 2 ask 1 assembly 1 compilers 1 cryptography 1 distributed 1 education 1 emacs 1 event 2 hardware 1 historical 1 ios 2 javascript 2 linux 1 networking 1 nix 1 openbsd 1 performance 2 plt 3 practices 1 programming 1 python 1 rant 4 release 1 retrocomputing 1 security 4 vcs 3 vibecoding 1 video 1 windows
2026-04-22,25,1 ai 1 ask 1 assembly 1 compilers 1 design 1 distributed 1 education 1 emacs 1 gleam 2 hardware 1 historical 2 javascript 2 linux 1 networking 1 openbsd 1 performance 3 plt 3 practices 2 programming 1 python 1 rant 3 release 1 retrocomputing 1 rust 1 security 3 vcs 4 vibecoding 1 windows
2026-04-22,25,1 ask 1 assembly 1 browsers 1 distributed 1 education 1 elixir 1 emacs 1 formalmethods 1 gleam 1 hardware 1 historical 1 javascript 2 linux 1 networking 1 openbsd 1 plt 2 practices 1 privacy 2 programming 2 python 1 rant 2 release 1 retrocomputing 1 rust 2 security 3 vcs 5 vibecoding 1 video 1 web 1 windows
2026-04-23,25,1 ask 1 assembly 1 browsers 1 css 1 emacs 1 formalmethods 1 gleam 1 graphics 1 hardware 1 historical 2 linux 1 lisp 1 networking 1 openbsd 3 plt 1 practices 1 privacy 2 programming 2 python 1 rant 1 release 1 retrocomputing 1 rust 2 security 1 show 2 vcs 5 vibecoding 2 web 1 windows
2026-04-23,25,1 a11y 1 ai 1 ask 1 assembly 1 browsers 1 css 1 culture 1 emacs 1 formalmethods 1 gleam 2 graphics 1 hardware 1 javascript 2 linux 1 lisp 1 math 3 plt 1 practices 1 privacy 3 programming 1 python 1 rant 1 release 1 retrocomputing 1 rust 2 security 2 show 1 vcs 5 vibecoding 1 visualization 2 web 1 windows
2026-04-23,25,1 ask 1 assembly 1 browsers 1 c 1 c++ 1 compilers 1 css 1 devops 1 emacs 1 email 1 formalmethods 2 graphics 2 linux 1 lisp 1 math 1 osdev 1 performance 1 philosophy 3 plt 2 privacy 3 programming 1 rant 1 retrocomputing 3 rust 1 security 1 show 1 vcs 4 vibecoding 1 web 1 windows
2026-04-23,25,1 ask 1 assembly 1 browsers 1 c 1 c++ 1 compilers 1 devops 2 distributed 1 emacs 1 email 3 graphics 3 linux 1 math 3 performance 3 plt 1 privacy 2 programming 1 python 2 release 1 retrocomputing 3 rust 3 security 1 show 1 vcs 1 vibecoding 2 web 1 windows
2026-04-24,25,1 ai 2 ask 1 browsers 2 c 1 c++ 1 compilers 1 devops 2 distributed 1 emacs 1 email 1 erlang 2 graphics 2 linux 1 math 3 performance 1 plt 1 privacy 2 programming 3 release 2 ruby 3 rust 3 security 1 unix 2 vibecoding 3 web
2026-04-24,25,2 ask 2 c 1 c++ 1 compilers 2 distributed 1 emacs 1 email 1 erlang 2 graphics 2 haskell 1 linux 1 math 3 performance 2 plt 2 programming 3 release 2 ruby 4 rust 3 security 1 unix 4 vibecoding 3 web
2026-04-24,25,1 ask 2 c 1 c++ 1 distributed 1 email 1 erlang 2 graphics 2 haskell 1 linux 1 math 1 meta 2 performance 2 plt 1 practices 2 programming 1 rant 3 release 1 ruby 4 rust 3 security 1 unix 6 vibecoding 2 web
2026-04-24,25,1 android 1 ask 2 c 1 c++ 2 distributed 1 email 1 erlang 1 gleam 1 graphics 2 hardware 2 haskell 2 linux 1 meta 1 performance 1 plt 1 practices 1 programming 2 rant 3 release 1 ruby 4 rust 3 security 1 unix 5 vibecoding 2 web
2026-04-25,25,1 android 1 ask 2 c 2 c++ 2 distributed 1 editors 1 email 1 gleam 1 graphics 2 hardware 1 haskell 2 linux 1 lisp 1 performance 1 plt 1 practices 1 programming 2 rant 3 release 1 ruby 5 rust 3 security 1 unix 1 vcs 4 vibecoding 1 video 2 web
2026-04-25,25,1 android 1 ask 2 c 2 c++ 1 distributed 2 editors 1 email 1 gleam 1 graphics 3 hardware 1 haskell 1 historical 3 linux 1 lisp 1 performance 1 plt 1 practices 1 programming 2 rant 2 release 1 retrocomputing 1 reversing 4 rust 3 security 1 unix 1 vcs 4 vibecoding 1 video 1 web
2026-04-25,25,1 ask 1 c++ 1 cryptography 1 design 2 editors 2 email 1 gleam 1 graphics 4 hardware 1 historical 2 linux 1 lisp 1 performance 1 plt 2 practices 2 programming 2 rant 1 retrocomputing 2 reversing 1 rust 1 testing 1 vcs 4 vibecoding 1 video 1 web
2026-04-25,25,1 ai 1 ask 2 assembly 1 cryptography 2 editors 1 email 1 gleam 1 graphics 4 hardware 1 historical 2 linux 1 lisp 1 mac 1 networking 1 performance 1 plt 3 practices 2 programming 2 rant 1 retrocomputing 1 reversing 3 security 1 transcript 5 vibecoding
